"1","50","51","175","972"
"2","50","52","175","972"
"3","50","53","235","1258"
"4","50","54","171","936"
"5","50","55","120","666"
"6","50","56","117","561"
"7","50","57","117","561"
"8","50","58","203","1443"
"9","50","59","423","2936"
"10","50","60","327","2215"
"11","50","61","327","2215"
"12","50","62","312","1812"
"13","50","63","312","1812"
"14","50","64","318","1902"
"15","50","65","711","4876"
"16","50","66","871","5954"
"17","50","67","852","5878"
"18","50","68","812","5515"
"19","50","69","810","5551"
"20","50","70","810","5551"
"21","50","71","1130","7787"
"22","50","72","1130","7787"
"23","50","73","1026","7014"
"24","50","74","1033","6916"
"25","50","75","1016","6868"
"26","50","76","1016","6868"
"27","50","77","1008","6767"
"28","50","78","919","6434"
"29","50","79","551","4005"
"30","50","80","507","3835"
"31","50","81","495","3761"
"32","50","82","495","3761"
"33","50","83","3906","49464"
"34","50","84","743","5786"
"35","50","85","775","6272"
"36","50","86","646","4109"
"37","50","87","646","4109"
"38","50","88","758","6124"
"39","50","89","758","6124"
"40","50","90","664","3833"
"41","51","51","0","0"
"42","51","52","0","0"
"43","51","53","59","285"
"44","51","54","22","76"
"45","51","55","84","424"
"46","51","56","164","1184"
"47","51","57","164","1184"
"48","51","58","144","987"
"49","51","59","401","2841"
"50","51","60","318","2059"
"51","51","61","318","2059"
"52","51","62","137","840"
"53","51","63","137","840"
"54","51","64","198","1310"
"55","51","65","766","5253"
"56","51","66","926","6331"
"57","51","67","907","6255"
"58","51","68","867","5893"
"59","51","69","865","5929"
"60","51","70","865","5929"
"61","51","71","1185","8164"
"62","51","72","1185","8164"
"63","51","73","1081","7391"
"64","51","74","1087","7294"
"65","51","75","1071","7246"
"66","51","76","1071","7246"
"67","51","77","1062","7145"
"68","51","78","973","6811"
"69","51","79","518","3681"
"70","51","80","474","3511"
"71","51","81","462","3437"
"72","51","82","462","3437"
"73","51","83","3936","50012"
"74","51","84","686","4704"
"75","51","85","686","4810"
"76","51","86","470","3137"
"77","51","87","470","3137"
"78","51","88","593","3752"
"79","51","89","593","3752"
"80","51","90","488","2861"
"81","52","51","0","0"
"82","52","52","0","0"
"83","52","53","59","285"
"84","52","54","22","76"
"85","52","55","84","424"
"86","52","56","164","1184"
"87","52","57","164","1184"
"88","52","58","144","987"
"89","52","59","401","2841"
"90","52","60","318","2059"
"91","52","61","318","2059"
"92","52","62","137","840"
"93","52","63","137","840"
"94","52","64","198","1310"
"95","52","65","766","5253"
"96","52","66","926","6331"
"97","52","67","907","6255"
"98","52","68","867","5893"
"99","52","69","865","5929"
"100","52","70","865","5929"
"101","52","71","1185","8164"
"102","52","72","1185","8164"
"103","52","73","1081","7391"
"104","52","74","1087","7294"
"105","52","75","1071","7246"
"106","52","76","1071","7246"
"107","52","77","1062","7145"
"108","52","78","973","6811"
"109","52","79","518","3681"
"110","52","80","474","3511"
"111","52","81","462","3437"
"112","52","82","462","3437"
"113","52","83","3936","50012"
"114","52","84","686","4704"
"115","52","85","686","4810"
"116","52","86","470","3137"
"117","52","87","470","3137"
"118","52","88","593","3752"
"119","52","89","593","3752"
"120","52","90","488","2861"
"121","53","51","88","585"
"122","53","52","88","585"
"123","53","53","0","0"
"124","53","54","83","549"
"125","53","55","107","726"
"126","53","56","192","1484"
"127","53","57","192","1484"
"128","53","58","178","1323"
"129","53","59","342","2555"
"130","53","60","259","1774"
"131","53","61","259","1774"
"132","53","62","77","555"
"133","53","63","77","555"
"134","53","64","139","1025"
"135","53","65","731","5201"
"136","53","66","891","6278"
"137","53","67","872","6202"
"138","53","68","832","5840"
"139","53","69","830","5876"
"140","53","70","830","5876"
"141","53","71","1150","8112"
"142","53","72","1150","8112"
"143","53","73","1046","7339"
"144","53","74","1053","7241"
"145","53","75","1036","7193"
"146","53","76","1036","7193"
"147","53","77","1028","7092"
"148","53","78","939","6759"
"149","53","79","458","3396"
"150","53","80","415","3225"
"151","53","81","403","3152"
"152","53","82","403","3152"
"153","53","83","3964","49923"
"154","53","84","627","4418"
"155","53","85","626","4524"
"156","53","86","411","2852"
"157","53","87","411","2852"
"158","53","88","534","3467"
"159","53","89","534","3467"
"160","53","90","429","2575"
"161","54","51","22","76"
"162","54","52","22","76"
"163","54","53","59","159"
"164","54","54","0","0"
"165","54","55","85","388"
"166","54","56","164","1148"
"167","54","57","164","1148"
"168","54","58","145","951"
"169","54","59","401","2714"
"170","54","60","318","1933"
"171","54","61","318","1933"
"172","54","62","136","714"
"173","54","63","136","714"
"174","54","64","198","1184"
"175","54","65","767","5218"
"176","54","66","927","6295"
"177","54","67","908","6219"
"178","54","68","868","5857"
"179","54","69","866","5893"
"180","54","70","866","5893"
"181","54","71","1186","8129"
"182","54","72","1186","8129"
"183","54","73","1082","7355"
"184","54","74","1088","7258"
"185","54","75","1072","7210"
"186","54","76","1072","7210"
"187","54","77","1063","7109"
"188","54","78","974","6775"
"189","54","79","517","3555"
"190","54","80","474","3384"
"191","54","81","461","3311"
"192","54","82","461","3311"
"193","54","83","3937","49976"
"194","54","84","686","4577"
"195","54","85","685","4683"
"196","54","86","470","3011"
"197","54","87","470","3011"
"198","54","88","592","3626"
"199","54","89","592","3626"
"200","54","90","488","2734"
"201","55","51","80","424"
"202","55","52","80","424"
"203","55","53","140","710"
"204","55","54","76","388"
"205","55","55","0","0"
"206","55","56","124","855"
"207","55","57","124","855"
"208","55","58","155","1079"
"209","55","59","415","2946"
"210","55","60","319","2226"
"211","55","61","319","2226"
"212","55","62","217","1264"
"213","55","63","217","1264"
"214","55","64","278","1734"
"215","55","65","703","4886"
"216","55","66","863","5964"
"217","55","67","844","5888"
"218","55","68","805","5526"
"219","55","69","802","5562"
"220","55","70","802","5562"
"221","55","71","1122","7797"
"222","55","72","1122","7797"
"223","55","73","1018","7024"
"224","55","74","1025","6927"
"225","55","75","1008","6879"
"226","55","76","1008","6879"
"227","55","77","1000","6778"
"228","55","78","911","6444"
"229","55","79","543","4015"
"230","55","80","499","3845"
"231","55","81","487","3771"
"232","55","82","487","3771"
"233","55","83","3947","50104"
"234","55","84","735","5797"
"235","55","85","767","6283"
"236","55","86","551","3561"
"237","55","87","551","3561"
"238","55","88","673","4177"
"239","55","89","673","4177"
"240","55","90","569","3285"
"241","56","51","189","1319"
"242","56","52","189","1319"
"243","56","53","226","1716"
"244","56","54","184","1283"
"245","56","55","133","1012"
"246","56","56","0","0"
"247","56","57","0","0"
"248","56","58","113","900"
"249","56","59","456","3256"
"250","56","60","360","2536"
"251","56","61","360","2536"
"252","56","62","315","2344"
"253","56","63","315","2344"
"254","56","64","351","2222"
"255","56","65","744","5196"
"256","56","66","904","6274"
"257","56","67","885","6198"
"258","56","68","846","5836"
"259","56","69","844","5872"
"260","56","70","844","5872"
"261","56","71","1163","8107"
"262","56","72","1163","8107"
"263","56","73","1060","7334"
"264","56","74","1066","7236"
"265","56","75","1049","7188"
"266","56","76","1049","7188"
"267","56","77","1041","7088"
"268","56","78","952","6754"
"269","56","79","584","4325"
"270","56","80","541","4155"
"271","56","81","528","4081"
"272","56","82","528","4081"
"273","56","83","3859","49248"
"274","56","84","776","6107"
"275","56","85","808","6593"
"276","56","86","637","4567"
"277","56","87","637","4567"
"278","56","88","760","5183"
"279","56","89","760","5183"
"280","56","90","655","4291"
"281","57","51","189","1319"
"282","57","52","189","1319"
"283","57","53","226","1716"
"284","57","54","184","1283"
"285","57","55","133","1012"
"286","57","56","0","0"
"287","57","57","0","0"
"288","57","58","113","900"
"289","57","59","456","3256"
"290","57","60","360","2536"
"291","57","61","360","2536"
"292","57","62","315","2344"
"293","57","63","315","2344"
"294","57","64","351","2222"
"295","57","65","744","5196"
"296","57","66","904","6274"
"297","57","67","885","6198"
"298","57","68","846","5836"
"299","57","69","844","5872"
"300","57","70","844","5872"
"301","57","71","1163","8107"
"302","57","72","1163","8107"
"303","57","73","1060","7334"
"304","57","74","1066","7236"
"305","57","75","1049","7188"
"306","57","76","1049","7188"
"307","57","77","1041","7088"
"308","57","78","952","6754"
"309","57","79","584","4325"
"310","57","80","541","4155"
"311","57","81","528","4081"
"312","57","82","528","4081"
"313","57","83","3859","49248"
"314","57","84","776","6107"
"315","57","85","808","6593"
"316","57","86","637","4567"
"317","57","87","637","4567"
"318","57","88","760","5183"
"319","57","89","760","5183"
"320","57","90","655","4291"
"321","58","51","287","1957"
"322","58","52","287","1957"
"323","58","53","338","2392"
"324","58","54","283","1921"
"325","58","55","267","2038"
"326","58","56","227","1574"
"327","58","57","227","1574"
"328","58","58","0","0"
"329","58","59","586","4282"
"330","58","60","490","3562"
"331","58","61","490","3562"
"332","58","62","427","3020"
"333","58","63","427","3020"
"334","58","64","488","3490"
"335","58","65","874","6223"
"336","58","66","1034","7300"
"337","58","67","1015","7224"
"338","58","68","976","6862"
"339","58","69","973","6898"
"340","58","70","973","6898"
"341","58","71","1293","9134"
"342","58","72","1293","9134"
"343","58","73","1189","8361"
"344","58","74","1196","8263"
"345","58","75","1179","8215"
"346","58","76","1179","8215"
"347","58","77","1171","8114"
"348","58","78","1082","7781"
"349","58","79","714","5352"
"350","58","80","670","5182"
"351","58","81","658","5108"
"352","58","82","658","5108"
"353","58","83","3792","49025"
"354","58","84","906","7133"
"355","58","85","938","7619"
"356","58","86","749","5243"
"357","58","87","749","5243"
"358","58","88","872","5859"
"359","58","89","872","5859"
"360","58","90","767","4967"
"361","59","51","421","3005"
"362","59","52","421","3005"
"363","59","53","423","2837"
"364","59","54","416","2969"
"365","59","55","409","3082"
"366","59","56","414","3080"
"367","59","57","414","3080"
"368","59","58","501","3962"
"369","59","59","0","0"
"370","59","60","165","1077"
"371","59","61","165","1077"
"372","59","62","294","2224"
"373","59","63","294","2224"
"374","59","64","282","2068"
"375","59","65","587","5222"
"376","59","66","828","6626"
"377","59","67","809","6550"
"378","59","68","835","7540"
"379","59","69","833","7576"
"380","59","70","833","7576"
"381","59","71","1023","7918"
"382","59","72","1023","7918"
"383","59","73","922","7239"
"384","59","74","927","7260"
"385","59","75","939","7013"
"386","59","76","939","7013"
"387","59","77","930","6912"
"388","59","78","841","6578"
"389","59","79","197","1096"
"390","59","80","154","926"
"391","59","81","141","852"
"392","59","82","141","852"
"393","59","83","4204","51983"
"394","59","84","390","2878"
"395","59","85","421","3364"
"396","59","86","384","2908"
"397","59","87","384","2908"
"398","59","88","404","3215"
"399","59","89","404","3215"
"400","59","90","498","4044"
"401","60","51","334","2223"
"402","60","52","334","2223"
"403","60","53","336","2055"
"404","60","54","330","2187"
"405","60","55","312","2362"
"406","60","56","318","2360"
"407","60","57","318","2360"
"408","60","58","404","3242"
"409","60","59","165","1077"
"410","60","60","0","0"
"411","60","61","0","0"
"412","60","62","208","1442"
"413","60","63","208","1442"
"414","60","64","185","1348"
"415","60","65","665","5991"
"416","60","66","905","7396"
"417","60","67","886","7320"
"418","60","68","793","5840"
"419","60","69","791","5876"
"420","60","70","791","5876"
"421","60","71","1101","8688"
"422","60","72","1101","8688"
"423","60","73","999","8008"
"424","60","74","1004","8029"
"425","60","75","1016","7782"
"426","60","76","1016","7782"
"427","60","77","1008","7681"
"428","60","78","918","7348"
"429","60","79","293","2146"
"430","60","80","249","1976"
"431","60","81","237","1902"
"432","60","82","237","1902"
"433","60","83","4107","51263"
"434","60","84","485","3928"
"435","60","85","517","4414"
"436","60","86","480","3957"
"437","60","87","480","3957"
"438","60","88","500","4265"
"439","60","89","500","4265"
"440","60","90","594","5094"
"441","61","51","334","2223"
"442","61","52","334","2223"
"443","61","53","336","2055"
"444","61","54","330","2187"
"445","61","55","312","2362"
"446","61","56","318","2360"
"447","61","57","318","2360"
"448","61","58","404","3242"
"449","61","59","165","1077"
"450","61","60","0","0"
"451","61","61","0","0"
"452","61","62","208","1442"
"453","61","63","208","1442"
"454","61","64","185","1348"
"455","61","65","665","5991"
"456","61","66","905","7396"
"457","61","67","886","7320"
"458","61","68","793","5840"
"459","61","69","791","5876"
"460","61","70","791","5876"
"461","61","71","1101","8688"
"462","61","72","1101","8688"
"463","61","73","999","8008"
"464","61","74","1004","8029"
"465","61","75","1016","7782"
"466","61","76","1016","7782"
"467","61","77","1008","7681"
"468","61","78","918","7348"
"469","61","79","293","2146"
"470","61","80","249","1976"
"471","61","81","237","1902"
"472","61","82","237","1902"
"473","61","83","4107","51263"
"474","61","84","485","3928"
"475","61","85","517","4414"
"476","61","86","480","3957"
"477","61","87","480","3957"
"478","61","88","500","4265"
"479","61","89","500","4265"
"480","61","90","594","5094"
"481","62","51","152","1004"
"482","62","52","152","1004"
"483","62","53","154","836"
"484","62","54","147","968"
"485","62","55","171","1146"
"486","62","56","256","1904"
"487","62","57","256","1904"
"488","62","58","242","1743"
"489","62","59","286","2224"
"490","62","60","202","1442"
"491","62","61","202","1442"
"492","62","62","0","0"
"493","62","63","0","0"
"494","62","64","61","470"
"495","62","65","825","7453"
"496","62","66","955","6698"
"497","62","67","936","6622"
"498","62","68","897","6260"
"499","62","69","894","6295"
"500","62","70","894","6295"
"501","62","71","1260","10150"
"502","62","72","1260","10150"
"503","62","73","1159","9470"
"504","62","74","1164","9491"
"505","62","75","1176","9244"
"506","62","76","1176","9244"
"507","62","77","1167","9143"
"508","62","78","1078","8810"
"509","62","79","402","3064"
"510","62","80","359","2894"
"511","62","81","346","2820"
"512","62","82","346","2820"
"513","62","83","4016","50297"
"514","62","84","595","4846"
"515","62","85","626","5332"
"516","62","86","432","3007"
"517","62","87","432","3007"
"518","62","88","554","3623"
"519","62","89","554","3623"
"520","62","90","449","2731"
"521","63","51","152","1004"
"522","63","52","152","1004"
"523","63","53","154","836"
"524","63","54","147","968"
"525","63","55","171","1146"
"526","63","56","256","1904"
"527","63","57","256","1904"
"528","63","58","242","1743"
"529","63","59","286","2224"
"530","63","60","202","1442"
"531","63","61","202","1442"
"532","63","62","0","0"
"533","63","63","0","0"
"534","63","64","61","470"
"535","63","65","825","7453"
"536","63","66","955","6698"
"537","63","67","936","6622"
"538","63","68","897","6260"
"539","63","69","894","6295"
"540","63","70","894","6295"
"541","63","71","1260","10150"
"542","63","72","1260","10150"
"543","63","73","1159","9470"
"544","63","74","1164","9491"
"545","63","75","1176","9244"
"546","63","76","1176","9244"
"547","63","77","1167","9143"
"548","63","78","1078","8810"
"549","63","79","402","3064"
"550","63","80","359","2894"
"551","63","81","346","2820"
"552","63","82","346","2820"
"553","63","83","4016","50297"
"554","63","84","595","4846"
"555","63","85","626","5332"
"556","63","86","432","3007"
"557","63","87","432","3007"
"558","63","88","554","3623"
"559","63","89","554","3623"
"560","63","90","449","2731"
"561","64","51","217","1474"
"562","64","52","217","1474"
"563","64","53","219","1306"
"564","64","54","212","1438"
"565","64","55","236","1616"
"566","64","56","321","2374"
"567","64","57","321","2374"
"568","64","58","307","2213"
"569","64","59","264","2068"
"570","64","60","168","1348"
"571","64","61","168","1348"
"572","64","62","65","470"
"573","64","63","65","470"
"574","64","64","0","0"
"575","64","65","763","6983"
"576","64","66","893","6587"
"577","64","67","874","6511"
"578","64","68","834","6149"
"579","64","69","832","6185"
"580","64","70","832","6185"
"581","64","71","1199","9680"
"582","64","72","1199","9680"
"583","64","73","1098","9000"
"584","64","74","1103","9021"
"585","64","75","1114","8774"
"586","64","76","1114","8774"
"587","64","77","1106","8673"
"588","64","78","1017","8340"
"589","64","79","391","3138"
"590","64","80","348","2968"
"591","64","81","335","2894"
"592","64","82","335","2894"
"593","64","83","4081","50767"
"594","64","84","584","4919"
"595","64","85","615","5405"
"596","64","86","497","3477"
"597","64","87","497","3477"
"598","64","88","598","5256"
"599","64","89","598","5256"
"600","64","90","514","3201"
"601","65","51","625","4861"
"602","65","52","625","4861"
"603","65","53","654","4986"
"604","65","54","620","4826"
"605","65","55","570","4494"
"606","65","56","603","4583"
"607","65","57","603","4583"
"608","65","58","689","5464"
"609","65","59","501","3871"
"610","65","60","514","3969"
"611","65","61","514","3969"
"612","65","62","558","4265"
"613","65","63","558","4265"
"614","65","64","493","3795"
"615","65","65","0","0"
"616","65","66","302","1733"
"617","65","67","283","1657"
"618","65","68","453","3006"
"619","65","69","402","2517"
"620","65","70","402","2517"
"621","65","71","557","3676"
"622","65","72","557","3676"
"623","65","73","456","2996"
"624","65","74","463","2695"
"625","65","75","447","2648"
"626","65","76","447","2648"
"627","65","77","439","2547"
"628","65","78","349","2213"
"629","65","79","515","4443"
"630","65","80","479","4349"
"631","65","81","488","4423"
"632","65","82","488","4423"
"633","65","83","4392","53486"
"634","65","84","716","5912"
"635","65","85","795","7151"
"636","65","86","758","6695"
"637","65","87","758","6695"
"638","65","88","778","7002"
"639","65","89","778","7002"
"640","65","90","872","7832"
"641","66","51","949","6564"
"642","66","52","949","6564"
"643","66","53","979","6688"
"644","66","54","944","6528"
"645","66","55","894","6197"
"646","66","56","927","6285"
"647","66","57","927","6285"
"648","66","58","1013","7166"
"649","66","59","825","5573"
"650","66","60","838","5671"
"651","66","61","838","5671"
"652","66","62","882","5967"
"653","66","63","882","5967"
"654","66","64","817","5497"
"655","66","65","379","2165"
"656","66","66","0","0"
"657","66","67","22","76"
"658","66","68","487","3163"
"659","66","69","427","2228"
"660","66","70","427","2228"
"661","66","71","538","3603"
"662","66","72","538","3603"
"663","66","73","339","1942"
"664","66","74","346","1844"
"665","66","75","329","1796"
"666","66","76","329","1796"
"667","66","77","321","1695"
"668","66","78","232","1362"
"669","66","79","826","6016"
"670","66","80","790","5922"
"671","66","81","799","5996"
"672","66","82","799","5996"
"673","66","83","4671","55607"
"674","66","84","1027","7485"
"675","66","85","1106","8724"
"676","66","86","1069","8268"
"677","66","87","1069","8268"
"678","66","88","1089","8575"
"679","66","89","1089","8575"
"680","66","90","1183","9404"
"681","67","51","927","6488"
"682","67","52","927","6488"
"683","67","53","957","6612"
"684","67","54","922","6452"
"685","67","55","872","6121"
"686","67","56","905","6209"
"687","67","57","905","6209"
"688","67","58","991","7090"
"689","67","59","803","5497"
"690","67","60","816","5595"
"691","67","61","816","5595"
"692","67","62","860","5891"
"693","67","63","860","5891"
"694","67","64","795","5421"
"695","67","65","357","2089"
"696","67","66","19","76"
"697","67","67","0","0"
"698","67","68","465","3087"
"699","67","69","405","2152"
"700","67","70","405","2152"
"701","67","71","516","3527"
"702","67","72","516","3527"
"703","67","73","317","1866"
"704","67","74","324","1768"
"705","67","75","307","1720"
"706","67","76","307","1720"
"707","67","77","299","1619"
"708","67","78","210","1286"
"709","67","79","804","5940"
"710","67","80","768","5846"
"711","67","81","777","5920"
"712","67","82","777","5920"
"713","67","83","4649","55531"
"714","67","84","1005","7409"
"715","67","85","1084","8648"
"716","67","86","1047","8192"
"717","67","87","1047","8192"
"718","67","88","1067","8499"
"719","67","89","1067","8499"
"720","67","90","1161","9329"
"721","68","51","815","6300"
"722","68","52","815","6300"
"723","68","53","845","6425"
"724","68","54","810","6264"
"725","68","55","760","5933"
"726","68","56","797","6034"
"727","68","57","797","6034"
"728","68","58","883","6916"
"729","68","59","708","5372"
"730","68","60","708","5420"
"731","68","61","708","5420"
"732","68","62","752","5717"
"733","68","63","752","5717"
"734","68","64","687","5247"
"735","68","65","304","2059"
"736","68","66","327","1755"
"737","68","67","308","1679"
"738","68","68","0","0"
"739","68","69","192","1078"
"740","68","70","192","1078"
"741","68","71","753","5197"
"742","68","72","753","5197"
"743","68","73","554","3536"
"744","68","74","560","3438"
"745","68","75","544","3391"
"746","68","76","544","3391"
"747","68","77","536","3290"
"748","68","78","446","2956"
"749","68","79","799","6448"
"750","68","80","763","6354"
"751","68","81","733","5998"
"752","68","82","733","5998"
"753","68","83","4503","54456"
"754","68","84","1000","7917"
"755","68","85","1013","8510"
"756","68","86","976","8054"
"757","68","87","976","8054"
"758","68","88","996","8361"
"759","68","89","996","8361"
"760","68","90","1090","9190"
"761","69","51","888","7011"
"762","69","52","888","7011"
"763","69","53","918","7136"
"764","69","54","884","6975"
"765","69","55","834","6644"
"766","69","56","870","6745"
"767","69","57","870","6745"
"768","69","58","957","7626"
"769","69","59","781","6083"
"770","69","60","781","6131"
"771","69","61","781","6131"
"772","69","62","826","6427"
"773","69","63","826","6427"
"774","69","64","761","5957"
"775","69","65","378","2770"
"776","69","66","256","1637"
"777","69","67","237","1561"
"778","69","68","137","766"
"779","69","69","0","0"
"780","69","70","0","0"
"781","69","71","659","4708"
"782","69","72","659","4708"
"783","69","73","475","2826"
"784","69","74","481","2795"
"785","69","75","451","2666"
"786","69","76","451","2666"
"787","69","77","422","2477"
"788","69","78","416","2814"
"789","69","79","872","7159"
"790","69","80","836","7065"
"791","69","81","806","6709"
"792","69","82","806","6709"
"793","69","83","4576","55166"
"794","69","84","1074","8628"
"795","69","85","1086","9221"
"796","69","86","1049","8765"
"797","69","87","1049","8765"
"798","69","88","1069","9072"
"799","69","89","1069","9072"
"800","69","90","1163","9901"
"801","70","51","888","7011"
"802","70","52","888","7011"
"803","70","53","918","7136"
"804","70","54","884","6975"
"805","70","55","834","6644"
"806","70","56","870","6745"
"807","70","57","870","6745"
"808","70","58","957","7626"
"809","70","59","781","6083"
"810","70","60","781","6131"
"811","70","61","781","6131"
"812","70","62","826","6427"
"813","70","63","826","6427"
"814","70","64","761","5957"
"815","70","65","378","2770"
"816","70","66","256","1637"
"817","70","67","237","1561"
"818","70","68","137","766"
"819","70","69","0","0"
"820","70","70","0","0"
"821","70","71","659","4708"
"822","70","72","659","4708"
"823","70","73","475","2826"
"824","70","74","481","2795"
"825","70","75","451","2666"
"826","70","76","451","2666"
"827","70","77","422","2477"
"828","70","78","416","2814"
"829","70","79","872","7159"
"830","70","80","836","7065"
"831","70","81","806","6709"
"832","70","82","806","6709"
"833","70","83","4576","55166"
"834","70","84","1074","8628"
"835","70","85","1086","9221"
"836","70","86","1049","8765"
"837","70","87","1049","8765"
"838","70","88","1069","9072"
"839","70","89","1069","9072"
"840","70","90","1163","9901"
"841","71","51","1103","8286"
"842","71","52","1103","8286"
"843","71","53","1132","8410"
"844","71","54","1098","8250"
"845","71","55","1048","7919"
"846","71","56","1081","8007"
"847","71","57","1081","8007"
"848","71","58","1167","8889"
"849","71","59","925","7452"
"850","71","60","1007","8222"
"851","71","61","1007","8222"
"852","71","62","1036","7690"
"853","71","63","1036","7690"
"854","71","64","971","7220"
"855","71","65","563","4258"
"856","71","66","594","3983"
"857","71","67","575","3907"
"858","71","68","799","5676"
"859","71","69","701","4825"
"860","71","70","701","4825"
"861","71","71","0","0"
"862","71","72","0","0"
"863","71","73","396","2421"
"864","71","74","400","2442"
"865","71","75","431","2776"
"866","71","76","431","2776"
"867","71","77","482","3025"
"868","71","78","398","2692"
"869","71","79","893","7185"
"870","71","80","857","7091"
"871","71","81","866","7165"
"872","71","82","866","7165"
"873","71","83","4859","63000"
"874","71","84","1094","8654"
"875","71","85","1173","9893"
"876","71","86","1136","9437"
"877","71","87","1136","9437"
"878","71","88","1156","9744"
"879","71","89","1156","9744"
"880","71","90","1250","10573"
"881","72","51","1103","8286"
"882","72","52","1103","8286"
"883","72","53","1132","8410"
"884","72","54","1098","8250"
"885","72","55","1048","7919"
"886","72","56","1081","8007"
"887","72","57","1081","8007"
"888","72","58","1167","8889"
"889","72","59","925","7452"
"890","72","60","1007","8222"
"891","72","61","1007","8222"
"892","72","62","1036","7690"
"893","72","63","1036","7690"
"894","72","64","971","7220"
"895","72","65","563","4258"
"896","72","66","594","3983"
"897","72","67","575","3907"
"898","72","68","799","5676"
"899","72","69","701","4825"
"900","72","70","701","4825"
"901","72","71","0","0"
"902","72","72","0","0"
"903","72","73","396","2421"
"904","72","74","400","2442"
"905","72","75","431","2776"
"906","72","76","431","2776"
"907","72","77","482","3025"
"908","72","78","398","2692"
"909","72","79","893","7185"
"910","72","80","857","7091"
"911","72","81","866","7165"
"912","72","82","866","7165"
"913","72","83","4859","63000"
"914","72","84","1094","8654"
"915","72","85","1173","9893"
"916","72","86","1136","9437"
"917","72","87","1136","9437"
"918","72","88","1156","9744"
"919","72","89","1156","9744"
"920","72","90","1250","10573"
"921","73","51","974","7028"
"922","73","52","974","7028"
"923","73","53","1004","7153"
"924","73","54","970","6992"
"925","73","55","920","6661"
"926","73","56","952","6749"
"927","73","57","952","6749"
"928","73","58","1039","7631"
"929","73","59","850","6038"
"930","73","60","863","6135"
"931","73","61","863","6135"
"932","73","62","908","6432"
"933","73","63","908","6432"
"934","73","64","842","5962"
"935","73","65","404","2630"
"936","73","66","373","2026"
"937","73","67","354","1950"
"938","73","68","578","3718"
"939","73","69","480","2868"
"940","73","70","480","2868"
"941","73","71","411","2336"
"942","73","72","411","2336"
"943","73","73","0","0"
"944","73","74","20","99"
"945","73","75","62","342"
"946","73","76","62","342"
"947","73","77","111","565"
"948","73","78","128","677"
"949","73","79","836","6242"
"950","73","80","800","6148"
"951","73","81","809","6222"
"952","73","82","809","6222"
"953","73","83","4741","55652"
"954","73","84","1038","7710"
"955","73","85","1117","8950"
"956","73","86","1079","8494"
"957","73","87","1079","8494"
"958","73","88","1100","8801"
"959","73","89","1100","8801"
"960","73","90","1194","9630"
"961","74","51","985","6930"
"962","74","52","985","6930"
"963","74","53","1014","7055"
"964","74","54","980","6895"
"965","74","55","930","6563"
"966","74","56","963","6652"
"967","74","57","963","6652"
"968","74","58","1049","7533"
"969","74","59","861","5940"
"970","74","60","874","6037"
"971","74","61","874","6037"
"972","74","62","918","6334"
"973","74","63","918","6334"
"974","74","64","853","5864"
"975","74","65","415","2532"
"976","74","66","369","1995"
"977","74","67","350","1919"
"978","74","68","574","3687"
"979","74","69","476","2837"
"980","74","70","476","2837"
"981","74","71","423","2357"
"982","74","72","423","2357"
"983","74","73","21","99"
"984","74","74","0","0"
"985","74","75","26","127"
"986","74","76","26","127"
"987","74","77","63","317"
"988","74","78","116","598"
"989","74","79","847","6144"
"990","74","80","811","6050"
"991","74","81","820","6124"
"992","74","82","820","6124"
"993","74","83","4752","55555"
"994","74","84","1048","7613"
"995","74","85","1127","8852"
"996","74","86","1090","8396"
"997","74","87","1090","8396"
"998","74","88","1110","8703"
"999","74","89","1110","8703"
"1000","74","90","1204","9533"
"1001","75","51","968","6883"
"1002","75","52","968","6883"
"1003","75","53","998","7007"
"1004","75","54","964","6847"
"1005","75","55","913","6515"
"1006","75","56","946","6604"
"1007","75","57","946","6604"
"1008","75","58","1032","7485"
"1009","75","59","844","5892"
"1010","75","60","857","5990"
"1011","75","61","857","5990"
"1012","75","62","901","6286"
"1013","75","63","901","6286"
"1014","75","64","836","5816"
"1015","75","65","398","2484"
"1016","75","66","348","1866"
"1017","75","67","329","1791"
"1018","75","68","553","3559"
"1019","75","69","455","2709"
"1020","75","70","455","2709"
"1021","75","71","457","2442"
"1022","75","72","457","2442"
"1023","75","73","62","342"
"1024","75","74","18","127"
"1025","75","75","0","0"
"1026","75","76","0","0"
"1027","75","77","84","417"
"1028","75","78","103","551"
"1029","75","79","830","6096"
"1030","75","80","794","6002"
"1031","75","81","803","6076"
"1032","75","82","803","6076"
"1033","75","83","4735","55507"
"1034","75","84","1031","7565"
"1035","75","85","1110","8804"
"1036","75","86","1073","8348"
"1037","75","87","1073","8348"
"1038","75","88","1093","8656"
"1039","75","89","1093","8656"
"1040","75","90","1187","9485"
"1041","76","51","968","6883"
"1042","76","52","968","6883"
"1043","76","53","998","7007"
"1044","76","54","964","6847"
"1045","76","55","913","6515"
"1046","76","56","946","6604"
"1047","76","57","946","6604"
"1048","76","58","1032","7485"
"1049","76","59","844","5892"
"1050","76","60","857","5990"
"1051","76","61","857","5990"
"1052","76","62","901","6286"
"1053","76","63","901","6286"
"1054","76","64","836","5816"
"1055","76","65","398","2484"
"1056","76","66","348","1866"
"1057","76","67","329","1791"
"1058","76","68","553","3559"
"1059","76","69","455","2709"
"1060","76","70","455","2709"
"1061","76","71","457","2442"
"1062","76","72","457","2442"
"1063","76","73","62","342"
"1064","76","74","18","127"
"1065","76","75","0","0"
"1066","76","76","0","0"
"1067","76","77","84","417"
"1068","76","78","103","551"
"1069","76","79","830","6096"
"1070","76","80","794","6002"
"1071","76","81","803","6076"
"1072","76","82","803","6076"
"1073","76","83","4735","55507"
"1074","76","84","1031","7565"
"1075","76","85","1110","8804"
"1076","76","86","1073","8348"
"1077","76","87","1073","8348"
"1078","76","88","1093","8656"
"1079","76","89","1093","8656"
"1080","76","90","1187","9485"
"1081","77","51","964","6782"
"1082","77","52","964","6782"
"1083","77","53","993","6906"
"1084","77","54","959","6746"
"1085","77","55","909","6414"
"1086","77","56","942","6503"
"1087","77","57","942","6503"
"1088","77","58","1028","7384"
"1089","77","59","840","5791"
"1090","77","60","853","5889"
"1091","77","61","853","5889"
"1092","77","62","897","6185"
"1093","77","63","897","6185"
"1094","77","64","832","5715"
"1095","77","65","393","2383"
"1096","77","66","306","1678"
"1097","77","67","287","1602"
"1098","77","68","511","3370"
"1099","77","69","412","2520"
"1100","77","70","412","2520"
"1101","77","71","484","2669"
"1102","77","72","484","2669"
"1103","77","73","109","565"
"1104","77","74","58","317"
"1105","77","75","90","417"
"1106","77","76","90","417"
"1107","77","77","0","0"
"1108","77","78","87","461"
"1109","77","79","826","5995"
"1110","77","80","790","5901"
"1111","77","81","799","5975"
"1112","77","82","799","5975"
"1113","77","83","4696","55814"
"1114","77","84","1027","7464"
"1115","77","85","1106","8703"
"1116","77","86","1069","8247"
"1117","77","87","1069","8247"
"1118","77","88","1089","8555"
"1119","77","89","1089","8555"
"1120","77","90","1183","9384"
"1121","78","51","873","6448"
"1122","78","52","873","6448"
"1123","78","53","902","6573"
"1124","78","54","868","6412"
"1125","78","55","818","6081"
"1126","78","56","850","6169"
"1127","78","57","850","6169"
"1128","78","58","937","7051"
"1129","78","59","749","5458"
"1130","78","60","761","5555"
"1131","78","61","761","5555"
"1132","78","62","806","5852"
"1133","78","63","806","5852"
"1134","78","64","741","5382"
"1135","78","65","302","2050"
"1136","78","66","314","1948"
"1137","78","67","295","1872"
"1138","78","68","600","3831"
"1139","78","69","464","3080"
"1140","78","70","464","3080"
"1141","78","71","391","2688"
"1142","78","72","391","2688"
"1143","78","73","125","677"
"1144","78","74","116","598"
"1145","78","75","105","533"
"1146","78","76","105","533"
"1147","78","77","88","461"
"1148","78","78","0","0"
"1149","78","79","735","5662"
"1150","78","80","699","5568"
"1151","78","81","707","5642"
"1152","78","82","707","5642"
"1153","78","83","4639","55072"
"1154","78","84","936","7130"
"1155","78","85","1015","8370"
"1156","78","86","978","7914"
"1157","78","87","978","7914"
"1158","78","88","998","8221"
"1159","78","89","998","8221"
"1160","78","90","1092","9050"
"1161","79","51","538","3861"
"1162","79","52","538","3861"
"1163","79","53","540","3692"
"1164","79","54","533","3825"
"1165","79","55","553","4228"
"1166","79","56","558","4226"
"1167","79","57","558","4226"
"1168","79","58","644","5108"
"1169","79","59","200","1101"
"1170","79","60","309","2223"
"1171","79","61","309","2223"
"1172","79","62","411","3079"
"1173","79","63","411","3079"
"1174","79","64","426","3215"
"1175","79","65","552","5241"
"1176","79","66","793","6645"
"1177","79","67","774","6569"
"1178","79","68","800","7559"
"1179","79","69","798","7595"
"1180","79","70","798","7595"
"1181","79","71","1017","7723"
"1182","79","72","1017","7723"
"1183","79","73","916","7043"
"1184","79","74","920","7065"
"1185","79","75","932","6818"
"1186","79","76","932","6818"
"1187","79","77","924","6717"
"1188","79","78","835","6383"
"1189","79","79","0","0"
"1190","79","80","44","170"
"1191","79","81","92","291"
"1192","79","82","92","291"
"1193","79","83","4347","53129"
"1194","79","84","299","2163"
"1195","79","85","363","2972"
"1196","79","86","326","2516"
"1197","79","87","326","2516"
"1198","79","88","346","2824"
"1199","79","89","346","2824"
"1200","79","90","440","3653"
"1201","80","51","491","3690"
"1202","80","52","491","3690"
"1203","80","53","493","3522"
"1204","80","54","486","3654"
"1205","80","55","506","4058"
"1206","80","56","512","4056"
"1207","80","57","512","4056"
"1208","80","58","598","4938"
"1209","80","59","154","931"
"1210","80","60","262","2053"
"1211","80","61","262","2053"
"1212","80","62","365","2909"
"1213","80","63","365","2909"
"1214","80","64","379","3044"
"1215","80","65","535","4856"
"1216","80","66","775","6261"
"1217","80","67","756","6185"
"1218","80","68","783","7174"
"1219","80","69","780","7210"
"1220","80","70","780","7210"
"1221","80","71","971","7553"
"1222","80","72","971","7553"
"1223","80","73","869","6873"
"1224","80","74","874","6894"
"1225","80","75","886","6647"
"1226","80","76","886","6647"
"1227","80","77","878","6546"
"1228","80","78","788","6213"
"1229","80","79","43","170"
"1230","80","80","0","0"
"1231","80","81","9","74"
"1232","80","82","9","74"
"1233","80","83","4301","52959"
"1234","80","84","270","2125"
"1235","80","85","316","2802"
"1236","80","86","279","2346"
"1237","80","87","279","2346"
"1238","80","88","299","2653"
"1239","80","89","299","2653"
"1240","80","90","393","3482"
"1241","81","51","482","3617"
"1242","81","52","482","3617"
"1243","81","53","484","3448"
"1244","81","54","478","3581"
"1245","81","55","485","3904"
"1246","81","56","490","3902"
"1247","81","57","490","3902"
"1248","81","58","576","4784"
"1249","81","59","145","857"
"1250","81","60","240","1899"
"1251","81","61","240","1899"
"1252","81","62","356","2835"
"1253","81","63","356","2835"
"1254","81","64","358","2890"
"1255","81","65","540","4895"
"1256","81","66","780","6300"
"1257","81","67","761","6224"
"1258","81","68","788","7213"
"1259","81","69","785","7249"
"1260","81","70","785","7249"
"1261","81","71","976","7592"
"1262","81","72","976","7592"
"1263","81","73","874","6912"
"1264","81","74","879","6933"
"1265","81","75","891","6686"
"1266","81","76","891","6686"
"1267","81","77","882","6585"
"1268","81","78","793","6252"
"1269","81","79","86","291"
"1270","81","80","13","74"
"1271","81","81","0","0"
"1272","81","82","0","0"
"1273","81","83","4279","52805"
"1274","81","84","276","2243"
"1275","81","85","307","2729"
"1276","81","86","270","2272"
"1277","81","87","270","2272"
"1278","81","88","290","2580"
"1279","81","89","290","2580"
"1280","81","90","384","3409"
"1281","82","51","482","3617"
"1282","82","52","482","3617"
"1283","82","53","484","3448"
"1284","82","54","478","3581"
"1285","82","55","485","3904"
"1286","82","56","490","3902"
"1287","82","57","490","3902"
"1288","82","58","576","4784"
"1289","82","59","145","857"
"1290","82","60","240","1899"
"1291","82","61","240","1899"
"1292","82","62","356","2835"
"1293","82","63","356","2835"
"1294","82","64","358","2890"
"1295","82","65","540","4895"
"1296","82","66","780","6300"
"1297","82","67","761","6224"
"1298","82","68","788","7213"
"1299","82","69","785","7249"
"1300","82","70","785","7249"
"1301","82","71","976","7592"
"1302","82","72","976","7592"
"1303","82","73","874","6912"
"1304","82","74","879","6933"
"1305","82","75","891","6686"
"1306","82","76","891","6686"
"1307","82","77","882","6585"
"1308","82","78","793","6252"
"1309","82","79","86","291"
"1310","82","80","13","74"
"1311","82","81","0","0"
"1312","82","82","0","0"
"1313","82","83","4279","52805"
"1314","82","84","276","2243"
"1315","82","85","307","2729"
"1316","82","86","270","2272"
"1317","82","87","270","2272"
"1318","82","88","290","2580"
"1319","82","89","290","2580"
"1320","82","90","384","3409"
"1321","83","51","3693","47810"
"1322","83","52","3693","47810"
"1323","83","53","3695","47804"
"1324","83","54","3695","47917"
"1325","83","55","3683","48036"
"1326","83","56","3693","48141"
"1327","83","57","3693","48141"
"1328","83","58","3615","47544"
"1329","83","59","3987","50429"
"1330","83","60","3891","49708"
"1331","83","61","3891","49708"
"1332","83","62","3772","48359"
"1333","83","63","3772","48359"
"1334","83","64","3833","48829"
"1335","83","65","4228","58752"
"1336","83","66","4469","60157"
"1337","83","67","4450","60081"
"1338","83","68","4395","52178"
"1339","83","69","4393","52214"
"1340","83","70","4393","52214"
"1341","83","71","4674","61453"
"1342","83","72","4674","61453"
"1343","83","73","4573","60773"
"1344","83","74","4578","60794"
"1345","83","75","4590","60548"
"1346","83","76","4590","60548"
"1347","83","77","4581","60447"
"1348","83","78","4492","60113"
"1349","83","79","4050","56387"
"1350","83","80","4029","56430"
"1351","83","81","4041","56504"
"1352","83","82","4041","56504"
"1353","83","83","0","0"
"1354","83","84","4018","55450"
"1355","83","85","3958","51918"
"1356","83","86","3928","52134"
"1357","83","87","3928","52134"
"1358","83","88","3849","51592"
"1359","83","89","3849","51592"
"1360","83","90","3764","51050"
"1361","84","51","746","5633"
"1362","84","52","746","5633"
"1363","84","53","748","5465"
"1364","84","54","741","5597"
"1365","84","55","748","5921"
"1366","84","56","753","5919"
"1367","84","57","753","5919"
"1368","84","58","840","6801"
"1369","84","59","408","2874"
"1370","84","60","504","3915"
"1371","84","61","504","3915"
"1372","84","62","619","4852"
"1373","84","63","619","4852"
"1374","84","64","621","4907"
"1375","84","65","657","6067"
"1376","84","66","897","7471"
"1377","84","67","878","7395"
"1378","84","68","905","8385"
"1379","84","69","902","8421"
"1380","84","70","902","8421"
"1381","84","71","1103","8767"
"1382","84","72","1103","8767"
"1383","84","73","1002","8088"
"1384","84","74","1006","8109"
"1385","84","75","1018","7862"
"1386","84","76","1018","7862"
"1387","84","77","1010","7761"
"1388","84","78","921","7428"
"1389","84","79","285","2027"
"1390","84","80","265","2070"
"1391","84","81","277","2144"
"1392","84","82","277","2144"
"1393","84","83","4281","54490"
"1394","84","84","0","0"
"1395","84","85","298","1224"
"1396","84","86","264","1534"
"1397","84","87","264","1534"
"1398","84","88","284","1842"
"1399","84","89","284","1842"
"1400","84","90","378","2671"
"1401","85","51","775","6107"
"1402","85","52","775","6107"
"1403","85","53","777","5939"
"1404","85","54","770","6071"
"1405","85","55","777","6394"
"1406","85","56","782","6392"
"1407","85","57","782","6392"
"1408","85","58","869","7274"
"1409","85","59","437","3347"
"1410","85","60","533","4389"
"1411","85","61","533","4389"
"1412","85","62","648","5325"
"1413","85","63","648","5325"
"1414","85","64","650","5381"
"1415","85","65","867","7624"
"1416","85","66","1108","9028"
"1417","85","67","1089","8952"
"1418","85","68","1115","9942"
"1419","85","69","1113","9978"
"1420","85","70","1113","9978"
"1421","85","71","1303","10320"
"1422","85","72","1303","10320"
"1423","85","73","1202","9641"
"1424","85","74","1206","9662"
"1425","85","75","1218","9415"
"1426","85","76","1218","9415"
"1427","85","77","1210","9314"
"1428","85","78","1121","8980"
"1429","85","79","383","2972"
"1430","85","80","340","2802"
"1431","85","81","328","2728"
"1432","85","82","328","2728"
"1433","85","83","4184","53512"
"1434","85","84","290","1224"
"1435","85","85","0","0"
"1436","85","86","257","1641"
"1437","85","87","257","1641"
"1438","85","88","186","798"
"1439","85","89","186","798"
"1440","85","90","371","2777"
"1441","86","51","548","3290"
"1442","86","52","548","3290"
"1443","86","53","550","3121"
"1444","86","54","543","3254"
"1445","86","55","567","3431"
"1446","86","56","652","4189"
"1447","86","57","652","4189"
"1448","86","58","638","4028"
"1449","86","59","385","2891"
"1450","86","60","480","3933"
"1451","86","61","480","3933"
"1452","86","62","505","3015"
"1453","86","63","505","3015"
"1454","86","64","566","3485"
"1455","86","65","814","7168"
"1456","86","66","1055","8572"
"1457","86","67","1036","8496"
"1458","86","68","1062","9486"
"1459","86","69","1060","9522"
"1460","86","70","1060","9522"
"1461","86","71","1250","9864"
"1462","86","72","1250","9864"
"1463","86","73","1149","9184"
"1464","86","74","1154","9206"
"1465","86","75","1166","8959"
"1466","86","76","1166","8959"
"1467","86","77","1157","8858"
"1468","86","78","1068","8524"
"1469","86","79","331","2516"
"1470","86","80","287","2346"
"1471","86","81","275","2272"
"1472","86","82","275","2272"
"1473","86","83","4204","53734"
"1474","86","84","256","1534"
"1475","86","85","255","1641"
"1476","86","86","0","0"
"1477","86","87","0","0"
"1478","86","88","175","1037"
"1479","86","89","175","1037"
"1480","86","90","230","1415"
"1481","87","51","548","3290"
"1482","87","52","548","3290"
"1483","87","53","550","3121"
"1484","87","54","543","3254"
"1485","87","55","567","3431"
"1486","87","56","652","4189"
"1487","87","57","652","4189"
"1488","87","58","638","4028"
"1489","87","59","385","2891"
"1490","87","60","480","3933"
"1491","87","61","480","3933"
"1492","87","62","505","3015"
"1493","87","63","505","3015"
"1494","87","64","566","3485"
"1495","87","65","814","7168"
"1496","87","66","1055","8572"
"1497","87","67","1036","8496"
"1498","87","68","1062","9486"
"1499","87","69","1060","9522"
"1500","87","70","1060","9522"
"1501","87","71","1250","9864"
"1502","87","72","1250","9864"
"1503","87","73","1149","9184"
"1504","87","74","1154","9206"
"1505","87","75","1166","8959"
"1506","87","76","1166","8959"
"1507","87","77","1157","8858"
"1508","87","78","1068","8524"
"1509","87","79","331","2516"
"1510","87","80","287","2346"
"1511","87","81","275","2272"
"1512","87","82","275","2272"
"1513","87","83","4204","53734"
"1514","87","84","256","1534"
"1515","87","85","255","1641"
"1516","87","86","0","0"
"1517","87","87","0","0"
"1518","87","88","175","1037"
"1519","87","89","175","1037"
"1520","87","90","230","1415"
"1521","88","51","689","3905"
"1522","88","52","689","3905"
"1523","88","53","691","3737"
"1524","88","54","684","3869"
"1525","88","55","708","4046"
"1526","88","56","752","6243"
"1527","88","57","752","6243"
"1528","88","58","779","4643"
"1529","88","59","407","3198"
"1530","88","60","502","4240"
"1531","88","61","502","4240"
"1532","88","62","618","5177"
"1533","88","63","618","5177"
"1534","88","64","620","5232"
"1535","88","65","836","7475"
"1536","88","66","1077","8879"
"1537","88","67","1058","8803"
"1538","88","68","1084","9793"
"1539","88","69","1082","9829"
"1540","88","70","1082","9829"
"1541","88","71","1272","10171"
"1542","88","72","1272","10171"
"1543","88","73","1171","9492"
"1544","88","74","1176","9513"
"1545","88","75","1188","9266"
"1546","88","76","1188","9266"
"1547","88","77","1179","9165"
"1548","88","78","1090","8832"
"1549","88","79","353","2823"
"1550","88","80","309","2653"
"1551","88","81","297","2579"
"1552","88","82","297","2579"
"1553","88","83","4123","53192"
"1554","88","84","278","1842"
"1555","88","85","194","798"
"1556","88","86","177","1037"
"1557","88","87","177","1037"
"1558","88","88","0","0"
"1559","88","89","0","0"
"1560","88","90","222","1329"
"1561","89","51","689","3905"
"1562","89","52","689","3905"
"1563","89","53","691","3737"
"1564","89","54","684","3869"
"1565","89","55","708","4046"
"1566","89","56","752","6243"
"1567","89","57","752","6243"
"1568","89","58","779","4643"
"1569","89","59","407","3198"
"1570","89","60","502","4240"
"1571","89","61","502","4240"
"1572","89","62","618","5177"
"1573","89","63","618","5177"
"1574","89","64","620","5232"
"1575","89","65","836","7475"
"1576","89","66","1077","8879"
"1577","89","67","1058","8803"
"1578","89","68","1084","9793"
"1579","89","69","1082","9829"
"1580","89","70","1082","9829"
"1581","89","71","1272","10171"
"1582","89","72","1272","10171"
"1583","89","73","1171","9492"
"1584","89","74","1176","9513"
"1585","89","75","1188","9266"
